{"cameraMode":{"drawMode":0,"name":"Shaded","section":"Shading Mode"},"sceneLighting":true,"audioPlay":false,"sceneViewState":{"showFog":true,"showMaterialUpdate":false,"showSkybox":true,"showFlares":true,"showImageEffects":true,"showParticleSystems":true},"in2DMode":false,"pivot":{"x":743.5542602539063,"y":224.6834716796875,"z":39.600677490234378},"rotation":{"x":0.2860950529575348,"y":0.10323087126016617,"z":-0.03101867064833641,"w":0.9521229267120361},"size":184.39906311035157,"orthographic":false}