{"cameraMode":{"drawMode":0,"name":"Shaded","section":"Shading Mode"},"sceneLighting":true,"audioPlay":false,"sceneViewState":{"showFog":true,"showMaterialUpdate":false,"showSkybox":true,"showFlares":true,"showImageEffects":true,"showParticleSystems":true},"in2DMode":false,"pivot":{"x":-5.729999542236328,"y":-0.6505842208862305,"z":-0.13761043548583985},"rotation":{"x":0.18677274882793427,"y":0.6397508382797241,"z":-0.16430789232254029,"w":0.7272166013717651},"size":12.12435531616211,"orthographic":false}