{"cameraMode":{"drawMode":0,"name":"Shaded","section":"Shading Mode"},"sceneLighting":true,"audioPlay":false,"sceneViewState":{"showFog":true,"showMaterialUpdate":false,"showSkybox":true,"showFlares":true,"showImageEffects":true,"showParticleSystems":true},"in2DMode":false,"pivot":{"x":634.2666625976563,"y":324.5778503417969,"z":-6.287538528442383},"rotation":{"x":0.18677274882793427,"y":0.6397508382797241,"z":-0.16430789232254029,"w":0.7272166013717651},"size":251.4078369140625,"orthographic":false}