{"cameraMode":{"drawMode":0,"name":"Shaded","section":"Shading Mode"},"sceneLighting":true,"audioPlay":false,"sceneViewState":{"showFog":true,"showMaterialUpdate":false,"showSkybox":true,"showFlares":true,"showImageEffects":true,"showParticleSystems":true},"in2DMode":false,"pivot":{"x":-0.25577735900878909,"y":0.5770015716552734,"z":-1.7478809356689454},"rotation":{"x":-0.03307986259460449,"y":0.9657686948776245,"z":-0.15635079145431519,"w":-0.20433229207992555},"size":6.935245037078857,"orthographic":false}